lat,lng,elevation,ndvi,land_surface_temp,soil_moisture,rainfall,geology_type,prospectivity_score
18.37086106962626,82.67977885421719,248.10634307089572,0.4633572495953526,25.23411367471812,0.3396316227372061,1509.0544913133472,deccan_trap,0.31015567388649723
23.556428757689247,80.89706002978532,533.5207579026865,0.4354273143408117,24.939575981439997,0.3175847281291512,1695.0220957870586,deccan_trap,0.11742591755630907
21.587945476302647,78.4048037791496,798.3566687011266,0.11794944606450498,38.12509161042073,0.25073513300945066,875.7018481887485,archean,0.09629215880453317
20.38792635777333,83.95174521677643,685.7799091276489,0.33887347933830947,24.990923996990123,0.3846165002641766,1437.3111494104983,laterite,0.15532386390256542
16.404167763981928,82.53204289809267,745.2489182891597,0.3661369331501,25.43899452257262,0.12016608043494098,1357.6189747156232,archean,0.20615316465841288
16.403950683025823,76.7887863327938,627.0266933685739,0.3791759466278304,35.187965248359276,0.08824247360836751,1749.2455651824066,archean,0.16597001459114868
15.522752509513795,85.02019902943226,653.821251614282,0.5061206584591327,28.9947968490108,0.3488866884343978,1859.1305907218907,deccan_trap,0.33518357759471884
22.795585311974417,84.04790967215486,779.3565212522554,0.47352178270881495,35.534211139103625,0.2037024358218119,518.2351572160802,laterite,0.21907060463612066
20.41003510568888,85.44779904621116,299.73440708734876,0.5255335649554113,21.307323151287704,0.34643909897247116,1511.0298785881891,gondwana,0.318057733347962
21.372653200164407,82.98291459227195,491.53997091451237,0.6354182830794898,29.751423873467687,0.36258157181839523,577.7536986795935,laterite,0.2747973611005409
15.185260448662222,81.7475671552937,276.9675534556818,0.6690900171012655,20.672272003665654,0.07186015776667501,1323.2879976160339,archean,0.21917375857329235
23.729188669457947,79.60067339919681,890.1344063973175,0.6026861533585461,21.25306406910709,0.3592126670451213,931.4490935655174,archean,0.38860031671924433
22.491983767203795,85.26001331689415,855.2474717492906,0.7688665871684544,38.12874906688822,0.20691166937929778,960.1648992832118,archean,0.26525740377172935
16.911051996104487,84.5267027845045,131.5414490948047,0.11276280787345315,22.784907422351903,0.22865137115148132,1029.4377551785349,laterite,0.0924795365776919
16.636424704863906,75.49740537116809,664.4601380125507,0.2370445899784823,30.64841364550434,0.2693073788826236,1431.9386735744151,deccan_trap,0.012283370773030447
16.650640588680904,75.29003671946977,840.1986539325327,0.1052940124846995,28.221912052014133,0.3742339123555304,1001.0749485031538,archean,0.3285230761678975
17.73818018663584,79.14109703565855,244.46027610186684,0.5532322999082222,26.94686652517685,0.05669063305041741,1599.0485758854206,archean,0.3898710010423084
19.72280788469014,83.91608663860016,554.3561844421035,0.7286213842649909,37.99666691374545,0.216895213911236,1106.7910783608045,laterite,0.3515983783988384
18.887505167779043,85.86003742246439,832.3906380704335,0.2704376076034095,20.43646793550979,0.29070271485069626,602.5298004649379,gondwana,0.28334184873880697
17.621062261782377,76.65458580213881,127.15678286863907,0.7489241813574147,33.27579372351178,0.30294743519438,1675.639763726161,gondwana,0.30715913786514504
20.506676052501415,81.53543786887349,657.936213797472,0.1421871732026926,39.26788868427101,0.2923863510379878,928.637486889059,deccan_trap,0.12959185467848328
16.255444745868378,79.18979942294123,337.8792058980406,0.75410521876386,31.20336366923684,0.09705229529284265,1149.150319398894,deccan_trap,0.3273321517323254
17.629301836816964,85.66905837596063,839.5169563012244,0.3461358810677441,38.73644924066184,0.15478845593008844,1528.1658248328522,archean,0.26505480452680014
18.297256589643226,84.26330815449279,876.8465961322942,0.17099457991445158,21.045157585720474,0.1755504338959547,998.684235723068,laterite,0.21774115536391753
19.104629857953324,84.22161575182251,855.4131912907471,0.44011023143042793,28.375866381483227,0.33155302268782677,584.8784842200735,archean,0.357798763063338
22.066583652537123,80.15562475774468,479.37137332597104,0.2797435974043556,25.203155819241022,0.14756595534509356,1060.8815705192205,deccan_trap,0.14975192752225347
16.797064039425237,79.56301452571432,789.6341207914508,0.299411031373346,34.61641929961459,0.12374673735352112,1916.672874041455,laterite,0.02974809138642684
19.628109945722503,78.00747779123776,775.6395188280563,0.3151029754484006,39.62594180994493,0.3851068066633337,1462.6015959478373,laterite,0.11774816722333652
20.33173111975838,75.6201304631602,355.2803785946045,0.6621181284828644,25.130601248884957,0.053102149789714115,1507.2187230008103,deccan_trap,0.2603407516844593
15.41805371447998,84.51194613880558,763.1323793205419,0.47741289367267814,33.08349202948149,0.3992372994886924,1448.4232304564598,gondwana,0.2833586773600726
20.467903667112946,83.94191110043086,129.6061077723941,0.3179153894092026,23.961952655194803,0.28688745460008847,798.4882084391552,gondwana,0.11043860324977599
16.534717113185625,85.99689440614743,577.0159027856424,0.5272336483176429,31.306605091432196,0.339964254807191,1127.5007961534202,laterite,0.46782401885404995
15.585464336867515,85.96300520781296,284.00706983016244,0.6013054719562355,29.278649733766724,0.15311678872116763,1626.4096975449775,archean,0.46714539207489675
23.539969835279997,81.10974876162891,196.45350862182306,0.29083680051347366,39.44010659263074,0.055010347183470996,652.0593463297387,gondwana,0.21500522055513524
23.690688297671034,83.45886156698562,161.56256130336732,0.38948437106774614,32.170545453929336,0.3082543314965355,916.7791641345684,archean,0.2823821304794516
22.27557613304815,85.3924230287067,657.0310207025118,0.18532026533586332,26.990127441736377,0.34195060895023655,914.4786626987805,gondwana,0.13634644943727686
17.741523922560337,84.34612129745153,371.8999710144529,0.22680454467427624,22.281915697758667,0.3091666461837317,1148.028391391759,gondwana,0.09048500568630481
15.879049026057455,77.72082911917518,679.8134172230092,0.5767824977754881,23.024936574698692,0.09999760055529353,1970.5531114132775,archean,0.33691120064723357
21.15809723860941,79.95598548841103,152.2850726391539,0.22700684338693888,24.5063385990247,0.3136997727899392,601.2538200257329,deccan_trap,0.14279291784518955
18.961372443656412,76.42075356666645,352.2322702644883,0.46761436856694216,25.019333226805962,0.31912297373767434,1278.0514915708925,gondwana,0.16461719876201436
16.09834411360301,85.49456129984594,531.5930339002698,0.5963323832057029,37.01232115682276,0.28048918048451926,769.0470230183157,gondwana,0.3383159847103249
19.456592191001434,81.66792097895969,732.5785318711709,0.1748138461663207,31.224455765650497,0.3181405764784552,1956.0148181146162,archean,0.1793188722083939
15.309496690036966,77.51507086053809,355.0020023456559,0.4971185537402325,30.467818227487328,0.3460725038872063,669.9552570911962,deccan_trap,0.08083006725462238
23.18388361870904,82.38870752846442,600.7131011496073,0.27959394859095466,22.29537743738435,0.26476143998311047,1105.4015035423868,gondwana,0.11448292257233278
17.329019834400153,81.79941064503686,808.7821985889497,0.7740488126663059,37.2027938669887,0.08101164988938768,1606.8274772519094,gondwana,0.3296322473817296
20.962700559185837,78.93978989836124,592.6905505458437,0.4384819527039473,34.456286064169674,0.2206697333835238,1556.831642041168,deccan_trap,0.3484747670071465
17.805399684804698,76.24913351419592,286.367579802907,0.6641947848426107,21.353367238000033,0.07717726713506178,1134.0929553408982,gondwana,0.36291989061325114
19.680612190600296,82.38730515152079,119.52062524523042,0.48515857950938324,34.15670194459537,0.19264006086135083,1019.7862519290774,deccan_trap,0.10648891236189709
19.920392514089517,80.72338470994173,796.0790991207439,0.13038877299837343,30.870764346852923,0.1924872711939697,1096.4185678293059,deccan_trap,0.1102871394721573
16.66369009972974,83.49550230909203,117.01552868030971,0.5432059629158157,21.634506914935564,0.07310344544908456,896.4143947379589,archean,0.1908084105961655
23.726261649881025,80.72179851223193,799.7613381473595,0.76598233954466,29.16601283057313,0.1720871868893178,807.9994080601997,laterite,0.44021693881776164
21.976195410250032,84.37399650350395,523.1497072217696,0.5211282741024319,29.69392574260094,0.0888493345769602,1224.559546338335,deccan_trap,0.1796462709532385
23.455490474077703,81.07097522651934,851.254158810317,0.6734322015987532,23.315490803265515,0.3328823235032278,902.800634101411,archean,0.3851702178906904
23.05344615384884,81.17031768688925,739.0265886189324,0.7189445243438854,38.913962940005646,0.3816908090875648,931.1924973458752,laterite,0.4618106224496859
20.381099809299766,84.64318962924179,898.3472884266699,0.25965584036425277,36.99950742961324,0.07531076634027851,1485.1340952118358,gondwana,0.053420327292988956
23.29686811520805,79.43831152833637,380.5694523613681,0.24843138793575867,33.380446746582166,0.3842903225520955,1952.8059975498384,laterite,0.05603213262047371
15.796432518467276,76.47416751295705,713.7506311449015,0.5276866921956943,29.245911220012143,0.23290180976786085,1405.4558008390627,deccan_trap,0.18767691174738343
16.763845761772306,75.31660943944672,421.5447308873937,0.3877199288646933,28.23531083169017,0.15484798728385588,615.4692005974495,deccan_trap,0.25364307835580824
15.407045600194843,83.30650981240981,483.90049624312707,0.6879029120067043,33.01946934301908,0.07690172634665723,613.3754207811005,deccan_trap,0.16130365139920003
17.92797297686938,81.8234050648881,602.004370574696,0.7300161863786079,30.90863738813811,0.22521849382464626,1927.134831268349,deccan_trap,0.08795587608506233
18.49809560720534,82.74487744909146,798.941691349071,0.34739496551190274,21.24546211763771,0.32808044057176206,945.9361854610004,deccan_trap,0.1356733215892174
17.442141285965064,77.34260577659802,887.2667753594361,0.26580939128213743,30.250052975406632,0.2974802670433444,638.1004791237132,archean,0.27021104721006306
22.458637582367366,76.50008623145446,714.6187310916146,0.6463678606707033,36.128072344656786,0.06757910401239083,1398.5668807255724,deccan_trap,0.36132599464862675
18.210779940242304,75.1599913223467,434.213425733867,0.2923642248836953,29.184797551939162,0.07551564237876623,1435.4731674353993,archean,0.17744434522452282
17.52841058718643,78.85646314687257,437.08560182165616,0.675830022959575,21.03913155108537,0.19100564892142302,1472.7572301780324,gondwana,0.30151844550669205
19.884264748424236,81.48909455540097,690.0658412711132,0.39661677755413405,35.72556398768066,0.15335167291678015,901.1030417863119,deccan_trap,0.26629393705379145
16.268318024772864,79.31468449609706,291.02171661464183,0.5672849295040294,24.027275642719488,0.13133451306961674,522.6660263217126,deccan_trap,0.0904680871329398
22.219772826786357,79.81222414226102,188.37929050511573,0.16687471968426773,25.172416697760774,0.14835157461804976,1947.5230541817077,laterite,0.08050338332087134
15.670955793117937,84.94574563943124,383.69772611262124,0.5367015272736012,23.294127068645917,0.3312189601539096,876.3395685366538,gondwana,0.3080364181188361
23.881982429404655,78.83081013725631,329.79119332326536,0.4162373751160604,26.60430129742995,0.37522981877114886,1514.0394320788214,deccan_trap,0.2399554296263418
21.950202923669917,80.65388438075792,337.04649636479206,0.5106259242228319,35.1350301137727,0.19178594308464825,1559.9448048180643,deccan_trap,0.18264442854232701
16.788441133807552,83.62018314015258,286.88620083992794,0.2176099454214044,30.387717190078746,0.367138850746374,1415.0111256192286,gondwana,0.1715131441796665
15.049699054112422,79.36197060553397,133.6745517090895,0.6158116214609275,24.09762548301425,0.1625234954367587,969.3610913204723,archean,0.15351080985500773
22.339152856093506,81.8429537025066,114.29914778673106,0.70395795428026,37.556601563040815,0.21675294522032706,906.6443806460986,deccan_trap,0.25059860324742883
21.361716094628555,84.4860007962142,890.1779117888252,0.25171786006354296,37.591637099030585,0.1291101492355999,1396.5024240540547,laterite,0.17987885595333458
21.561064512368887,85.44472686023406,442.21850698868985,0.16700018886411322,37.41156850092014,0.2741666147615454,1799.1434504175372,deccan_trap,0.015633214281425473
21.941433120173514,76.61780829021941,407.4613177277453,0.11654701023243548,24.775924227630785,0.3926433903111831,1920.1005933850934,laterite,0.12060188085126029
15.666401865606813,85.19246387677644,643.7178261544559,0.5493800503102862,29.02478688361976,0.2612225836151825,658.8587066056365,laterite,0.31162407854984864
18.226191556898453,80.41327922387492,274.6031102920513,0.5249658252621466,39.6997931228175,0.17523492943974212,732.2429188965798,deccan_trap,0.20010588698021167
16.04282153572617,77.84068827128854,859.9689471601803,0.4826881888998491,35.44024952619981,0.276736106096685,1917.1043881746195,deccan_trap,0.23438598784933382
22.767930832880342,80.05049331862088,729.0760115324416,0.2623629672811828,20.543348424511198,0.09302223746288565,1604.802842502189,laterite,0.06722880543599269
20.609683141448023,85.78035832814025,171.52880184980762,0.37363419713386026,21.30409182520984,0.3610306780928895,1824.4907372446596,gondwana,0.21402784428714933
17.978082223673844,80.41879903392157,434.0646206279427,0.5161334346303211,29.278627536246656,0.22607938277294276,803.9489512030148,gondwana,0.32287860569656057
15.572025152574213,78.61626771316259,803.2946460497318,0.44773680120141857,38.1844041172312,0.20727240971387473,1381.3788066641027,deccan_trap,0.21237979832942966
17.79884089544096,81.96740939748398,855.7856178331282,0.7914498641504212,30.774035959054284,0.25505267595873177,1551.7093916262104,archean,0.38516271169092686
17.926649898240722,77.64160180656012,473.9212089998958,0.1955078267897132,29.956250160685805,0.26867435197629086,1520.167828170459,gondwana,0.16800787825677782
21.566455605042577,75.8344966091953,590.7291113685662,0.5866011878333157,22.10947399913261,0.07512153217927957,1112.2275363000472,deccan_trap,0.29932141160218373
20.738017242196918,76.41767694101713,233.62715687366017,0.38302313767300455,33.13560209448588,0.2889160274281909,523.0923375369628,gondwana,0.0631055555258227
22.98491468318694,76.40850422853549,892.9349009095812,0.3997397304479303,36.44206321200451,0.13467608811043535,1374.3890852063946,archean,0.3560894261866875
19.24993432645754,76.67092962863524,285.3373611067547,0.6023184359607234,27.608400150151247,0.29988342137730645,879.6523087694131,deccan_trap,0.24401533742753426
16.076348213444714,76.52709889914351,854.1854193081006,0.5847053059270588,35.51223701850655,0.3378871780344689,1175.3813692143353,archean,0.3917100348334889
21.419203085006956,82.04962219283536,619.7173191938948,0.7938791955915319,39.289533078016234,0.3313854776433821,1936.371522625726,deccan_trap,0.44646997989256926
21.847065437552075,77.0006809283906,586.1894359030873,0.18987600261788767,24.07532918255378,0.24337533859276123,1098.5529764636522,archean,0.08055403912799391
20.051494778125466,78.80234011656249,510.1508088132069,0.17287675456891644,30.466592623894826,0.23205946230876295,1759.70240999664,gondwana,0.08060136786423916
21.93870461959105,84.86467250896612,284.5358493742069,0.6070371719901189,25.74275916169151,0.10000658646879411,782.8109086238767,gondwana,0.27473163177287063
19.444160367279515,80.2135780428916,241.22242560440662,0.5048708419044864,35.857088380676785,0.32137115264109745,1508.6907470375431,archean,0.26138517033595
19.704595464437947,82.3431351237313,276.3889672561403,0.2919124665918641,31.55186731762315,0.14499328315635004,1965.5104316584152,archean,0.3600592410193253
18.847869165226946,76.89551858321792,249.15060971540362,0.15559355829229063,32.69164835100607,0.22384339798628133,652.8396513094052,archean,0.10607999560940097
15.228772140696856,77.11517920689538,723.6675788534027,0.1599607747175014,35.95828319231788,0.14949593252463086,512.479913340788,deccan_trap,0.03449016078051432
15.97102284293974,75.44955477893127,380.1002073333841,0.7259336122648828,27.9194094532491,0.09683992704989261,1150.3741889489215,gondwana,0.36140856013918055
15.282862671180608,76.8582856937938,146.2741412507171,0.23430712730312006,38.301801368140865,0.2703451939121078,638.9382245770507,deccan_trap,0.024585408226371702
20.727693701374022,78.06449372935154,875.2821041126491,0.3263600934808646,30.6605773449228,0.06901621218801635,1622.576524514347,gondwana,0.1507912016706464
17.82920382968694,76.94711532704422,807.0287079707406,0.2586594815588916,23.159096456706962,0.31202583194417,1871.8229957728383,laterite,0.19006263671798768
19.577136220482323,75.9757278713276,842.2018265561703,0.3484974140823561,33.91798236337605,0.16115537834139085,1151.0314590631383,deccan_trap,0.12888567111648064
23.168098265334837,76.32699458210661,895.9262581171482,0.14859668992226538,35.86522700876509,0.05004714255156986,888.0674632331614,gondwana,0.10197244151206727
17.243630062339875,80.06856644835999,239.11619937558984,0.4633418536357893,26.335233541350533,0.22889519873303044,1151.6049785099146,gondwana,0.2108796923317491
18.693446307320666,77.26967090246372,416.993615122127,0.14732879451455044,37.14358513997506,0.0663981679846611,1585.1717267750016,deccan_trap,0.0
21.799960246887437,79.00696847152884,706.590780563273,0.6602495554756531,38.122865095315326,0.14665934523731483,513.5812423705564,deccan_trap,0.3044932136211318
17.0591834894246,80.53758997940342,656.8164944430338,0.26359845733730314,25.538089747556178,0.29744177060950067,1384.1809842270459,gondwana,0.3205782057276506
15.692819188459136,82.59434311492302,223.11672507188405,0.4780083402231574,39.67042945430444,0.07194136756765306,1419.9375273310686,deccan_trap,0.19986960330870335
17.60776307622391,75.43243353825208,752.6664999924942,0.7160553612930208,22.81423056097517,0.34376847232460084,1456.5323703439033,archean,0.42882012112947243
16.45099158528604,83.79351438799947,279.55245746932854,0.555614158333036,24.0403133680498,0.05133697293050409,863.0331199713158,deccan_trap,0.2827971810356136
23.36727887108316,81.90690428439999,279.05409185809845,0.4730704505859348,23.684496784760523,0.1363883542206658,1571.0790850671901,deccan_trap,0.10132057593270459
22.273083416079754,75.89934935143759,529.5795383147308,0.32703362718076295,37.879794200157406,0.30931641965322504,637.0872294976646,deccan_trap,0.29794626548799613
20.70063380859381,84.60936486517456,574.3519478733625,0.3331013391407386,33.085851046499236,0.16069455240525737,798.9055047002012,gondwana,0.21049629461064534
22.84314531168946,85.12959640584995,564.0689662702489,0.5686408686387331,23.04208566444546,0.08566233582310474,1816.2050699817228,archean,0.4565711329649324
22.23304869209203,75.6718575584035,173.18946991820388,0.7958975528548173,28.806468367366982,0.17608187158014976,1608.0847260898495,laterite,0.3073245686580228
16.679130529974323,78.04565412961924,801.9686901043043,0.5632874328945651,32.305960501396044,0.14463765023458394,520.6183310170179,laterite,0.41522369198591047
23.0330309864098,83.86821407772368,312.48003407096485,0.4904483921590175,21.669281699787668,0.3449491657561942,872.5643905547004,archean,0.38268671296200907
19.854080177240856,83.23085659422024,203.61193702624334,0.6114553571674723,37.648327368146774,0.1596717711548001,821.6097244897469,archean,0.39479252685065763
22.266961396476564,77.02973121292015,810.9984638951818,0.4256439285986028,36.07207070883071,0.32612636512160253,906.2094920554589,archean,0.3115921642998532
23.064821699311437,77.30284255670381,864.5211985838027,0.14209963982054966,30.104135471532764,0.3621552506837572,871.3396554198296,gondwana,0.11817309155063964
17.862031274746776,79.0751931307052,789.7020938123605,0.4936077711145369,39.34253230518341,0.20183609685178533,593.7894436142686,laterite,0.34366925080890315
15.99046732074909,80.32975283710124,747.6128597799025,0.7703376991537662,28.35521958550199,0.3684801003490372,1188.4107748952306,archean,0.446211879284254
17.051416462877476,81.80080248683325,624.1935845112174,0.22271205965036178,39.68220638072995,0.18206131888711752,1599.1002121792476,gondwana,0.0
18.84397009763631,79.0580500352675,540.6858964873114,0.5830034235744661,33.35839997607254,0.38742744577153787,1410.0975870761545,laterite,0.21256919707038002
22.362132893302437,80.08788187746462,169.58940792912813,0.24065358206133955,32.69342546507883,0.08125133358395054,1509.3075028971198,deccan_trap,0.0895189060075111
22.746575249307092,83.22218031947132,426.762570456559,0.47507937913115694,23.3190979059157,0.29045674327613497,621.7237678043588,gondwana,0.2888773446333207
15.062569174780716,75.40351523179658,398.1508136098512,0.16767351475270376,37.63855516609288,0.22283491415992507,1927.2360652651807,laterite,0.11482581820508234
19.59672572319809,77.77680638778423,307.803027008261,0.4152596553807296,28.549793758412303,0.18567708190947646,1757.7377507645372,gondwana,0.32718923352673257
18.75669902833901,82.84684544473008,678.736090950868,0.6293143302266723,23.24466811564959,0.2714491575620103,1707.635477743494,laterite,0.1527824987237799
16.99897029423657,84.84727521455919,496.70058806301665,0.3433000669672875,20.25215039951518,0.29634998207201596,1734.4757075626512,laterite,0.2084420599145294
16.078788306003144,80.62845186327233,164.83697272611835,0.5654382071410526,31.19511367276765,0.051527144377608185,1899.065762199142,deccan_trap,0.08588965926320952
18.038536542632652,80.85324833791847,276.14656155984903,0.6568149725528104,30.547992442453527,0.10843358106151957,1316.3809491705465,gondwana,0.37934633076600954
23.486187335212673,76.17889212473753,646.6070109276767,0.7490244736356169,34.387072447383176,0.2995661177220116,800.4230268014388,archean,0.41200970407108767
17.908826388186796,79.921536035058,160.90468759224015,0.2642494572988175,37.80516106035604,0.2832348947523723,1425.1754117788118,deccan_trap,0.1675920701566937
19.669115595690293,80.85878993100525,780.9655312390149,0.3795211410665157,21.58813169286059,0.38811662679503706,1614.3222405019085,deccan_trap,0.1215094822589287
21.3271706300566,77.66717553998203,496.11722161117945,0.2066912093312922,34.62992980680725,0.31636322658777405,1606.876090031038,laterite,0.2466700009239144
18.272666421413646,77.9616755404432,484.4692618613184,0.7947384515108626,23.748238881951643,0.38277044770596835,1282.17353625032,archean,0.52951039849965
23.746038744488644,79.15012579415085,573.9262277276141,0.7489006775470067,37.16354106314328,0.29588917553718247,602.6880790003671,gondwana,0.42083273281347194
23.662025654479002,75.22078317555498,759.7447727401193,0.4779699911963917,36.38127027723312,0.15431827302380513,1056.6694076451918,archean,0.28625844403186196
17.266040662428278,78.54287082141497,378.24736632175444,0.6894233060634949,30.815875099710887,0.08687772278779977,1881.149912695036,archean,0.4208456775277885
19.47523655303147,77.32592807696199,642.4129220472508,0.4646705840904296,34.204855972466234,0.32363835217072745,1376.673364636139,archean,0.2516806634142567
17.707904788350927,78.60247087395706,552.5855711966328,0.5365099816019319,26.287002263674967,0.2754522275165706,1307.49791488357,archean,0.4005936681140868
17.56356444939721,76.31738345001176,313.62261613553704,0.16238710248121163,29.42335797865629,0.06686510433765369,903.2802715732903,archean,0.2935998229721637
15.331982526190796,84.79580008813885,802.9039890841264,0.6286892943477655,36.43273795420943,0.17601766306534244,1052.6733798748683,laterite,0.38472632884397534
20.48607900581907,81.52951698909453,737.9408172855425,0.1893994385446644,29.185303943464277,0.38487993541950016,1843.019133729754,laterite,0.08587957137522302
19.524111209059754,82.47012551058938,626.7614677267404,0.6782473411767699,27.155965306508836,0.22514040099857047,1499.6945712902534,deccan_trap,0.3227263619524132
15.463308761249904,83.68088362468072,780.4653832753935,0.6474196613692702,29.884248945006,0.20145519760689662,1681.0805401284993,laterite,0.20566206080770594
17.507818178129504,80.48286418821964,793.8353607678418,0.5961212884200836,36.56498504874437,0.21019486180575292,1181.5181346014826,deccan_trap,0.30525922644266285
23.17439297369988,75.95612316896167,666.6903813720278,0.1253122663673335,26.704160947417456,0.12310895340180732,1445.3708291842368,deccan_trap,0.09848407491611724
17.15605701600275,80.90817196000403,769.6106626909376,0.3121898491617301,23.475231862714875,0.17904750980267836,872.5754131148112,gondwana,0.03819538348238677
16.304053848821006,81.45525229822967,657.9771693354269,0.28417879893759,34.24028040661561,0.1794346395955118,1558.1912454252295,archean,0.1286722760215981
19.405074842498067,83.19983421602763,644.1126174082403,0.3520954852300634,36.51956425416164,0.06832425706561535,1141.402000555006,laterite,0.15501950805908551
23.870854086995408,79.74825500852647,594.8891025721475,0.16134992273468698,22.012749570470667,0.3186486699812714,1163.8182722221184,gondwana,0.11733605632073583
17.178497443603504,76.4033833307512,702.173311646113,0.755870476121744,24.797482255118894,0.19577655116635767,1473.9834868653224,laterite,0.25516769073182893
21.049219926652906,78.12153496378598,226.88408423445895,0.4876615684986634,22.839439795219878,0.33776296038574816,1904.42093220339,deccan_trap,0.2599592217862149
21.854576537958458,78.99390526038499,804.6966073591427,0.3138670174606165,26.95882823164333,0.3476218003919634,596.0095199129314,laterite,0.21042687573868393
17.138737895931598,82.10508965464761,797.4748221961856,0.3778870619519984,29.007019578108252,0.12419791914453034,1737.1148560205115,archean,0.23803308613697083
21.553947137506736,81.27856135135804,123.39782642764732,0.41304177835338496,34.97652673926613,0.280073718759545,938.5746656182896,deccan_trap,0.13276076320463948
18.31004819447328,78.91706398487631,760.6534004518102,0.5204160333524321,33.02295169763348,0.21529863145704364,1165.8791817595666,deccan_trap,0.3135928466000023
20.690752475342215,85.85166773672277,203.09589397875615,0.4609755993875485,32.41857134956862,0.3580548582725198,532.8699931625134,gondwana,0.397628294629335
20.70176739684805,81.66352301292576,368.0950834073135,0.7435743812500922,27.047498932193086,0.12550923771175895,951.5691167514696,archean,0.3612957575634898
19.821972156672828,77.60949470909594,694.8066050332862,0.4478744380340812,36.8289510616952,0.2872346201085155,1253.9468639451957,deccan_trap,0.1588998838520984
15.812607930489675,76.11960719882444,228.60791683864656,0.7945106103763189,29.42574334796329,0.2627132427884529,584.2641160211585,archean,0.47337218166233247
22.51772246030314,76.68145053102765,754.3736192952498,0.695997470421567,39.58209876030309,0.1533555171501415,1236.6435940747479,laterite,0.29509218950388205
17.88702058474562,77.70553501222959,765.7073423661935,0.24595736005013508,32.682842765914735,0.09781031627791043,1890.665943287641,archean,0.18701219959478635
16.678666593598688,76.76749510585512,505.974187008669,0.7514166502507414,22.525294831290054,0.2780739161670468,658.0898271617078,deccan_trap,0.387546303854975
15.366976273992876,77.05223726456437,105.10869737346687,0.18145647851983326,33.523551241508684,0.30850911034631573,1646.6610921132565,gondwana,0.0
20.318036488694176,78.13604685563232,329.63050653993025,0.6722147959438342,26.50208030863398,0.16046957031717252,1114.506580063989,deccan_trap,0.3903970613974645
21.09807925658054,76.9071095482423,593.5415347005937,0.36643630543360606,33.72654393372195,0.27569141140780984,1482.7605717865072,archean,0.2699581052605707
15.149290460350706,84.86441967089067,884.9489424219388,0.7145820243115487,21.392822963248115,0.18829581766402614,890.354896977844,archean,0.36174293992604767
19.608837524693527,75.88257120227806,605.4508216133347,0.7076396830752153,23.497628743519186,0.29962240914891625,739.2383938120374,deccan_trap,0.3058793818072619
17.03846197678144,80.7696252852728,307.8428648513278,0.6641477800823349,37.114745178115726,0.1197253462129186,740.6939214068396,archean,0.36462599505586735
20.80655511368505,79.51436509688628,607.204562479689,0.653021305414943,24.543591140470298,0.3615752509226611,605.7379184647169,laterite,0.18886994298264922
16.569297861044923,85.80616478599467,531.9883037726844,0.3132753973686286,36.7408225048588,0.15059335876295293,778.4700573518645,deccan_trap,0.2599645530200056
21.218439642922192,76.23242792384858,723.8763161209149,0.15664349813587652,25.58552176908821,0.1787250957146535,1496.3290774834522,gondwana,0.12883595940746545
18.480618116704836,79.37641158950316,185.58451106156673,0.382086125135613,32.857638201174154,0.07033218322812243,1822.5359177652622,deccan_trap,0.19530783881284747
23.43056989863061,85.66417476602906,708.8223220016224,0.2214671604905561,33.88301147019662,0.08902927431244675,1721.1885283867427,laterite,0.20361377327339053
16.23768849731394,84.52057838483378,533.0132629408882,0.5864657622317232,30.25309506290106,0.23055166594931487,1527.701464811726,laterite,0.2059484748827968
18.06959715945233,83.98779278044208,870.3936030871957,0.3422698085764499,26.106213533934625,0.14365743685479004,665.647795116654,laterite,0.21915141903887725
16.0212616911653,77.83693109749434,373.49773283094885,0.7829271406019405,24.252887527421922,0.34241807900976806,933.7811694439247,laterite,0.35600137686984956
23.322242564507064,76.87976346129072,606.0975145071585,0.5486804541417325,20.663787091248523,0.05514268602923385,964.7103129837035,laterite,0.32272811227693593
22.896054180428827,82.35507541916874,845.622484408014,0.6757363945440527,26.078928024814477,0.1826829170351777,874.9354195964318,gondwana,0.1633846558930192
17.3214746494364,85.22313588040345,182.0077823925434,0.1927672709192939,33.06325581062566,0.16807094136918244,1272.5084895645846,archean,0.1759864584853343
20.939856414307613,81.12439182315323,849.7827897891609,0.7034101375908358,38.766096368969656,0.056764670821160365,1303.3307223195088,laterite,0.2688148696557335
22.35499980181094,81.2877395841689,650.3085778406506,0.745930033359376,37.42408964526104,0.09352893965017858,1035.3289627566653,laterite,0.37230594335950074
19.996807304395162,78.07977003026312,154.26964728413753,0.4409433431732551,35.32129553070605,0.19477493622152237,1030.683738104654,deccan_trap,0.23345836588091046
19.76685520520406,83.46442226511131,340.770853557453,0.5243770564256842,35.76894686506597,0.22250260455660636,1742.833396859122,gondwana,0.22039101144017226
17.176670618104065,77.05748123413275,666.5376709162252,0.6353668606320968,33.299698069519906,0.1915014115392042,1683.9392724795284,gondwana,0.26132297627267564
15.837924910253093,78.56047160044668,153.88048117501737,0.2223870390822888,25.205737151320058,0.23582818744423284,961.6937475211184,archean,0.19368440489275243
23.07494182157994,79.67980082478059,565.7363681410186,0.4517962535244098,38.143900614116596,0.2582960862169886,1870.682665809889,gondwana,0.1798167318462461
23.103762514469974,80.583714165529,376.7064455623654,0.37906411944061924,33.41464623811668,0.05347333739474247,1929.222525503759,deccan_trap,0.22433167715189212
20.69791311545941,77.66650705656588,596.7324142139817,0.20246179451357438,31.2088126196088,0.21243330580872638,990.1138130450613,deccan_trap,0.0726914723505067
18.051268119438305,76.26320507213124,136.5936270500103,0.3572740956040721,22.21978938426962,0.3872247343106559,1031.6374231895823,archean,0.0390730541269631
18.142886171513947,81.71682046685795,797.2294449219011,0.1477206165698455,28.94111087612851,0.23166129804534208,1258.4512301329382,deccan_trap,0.05226861190272792
21.533601109832155,78.17493608564281,878.7911753419176,0.1180683348646409,29.207165424038525,0.28713979361063363,1911.6812188005104,laterite,0.022857807639401928
23.073992339573195,81.39362043564873,875.1022842285532,0.19461640240837597,37.2912721904534,0.15915235027090913,1814.4791497134672,laterite,0.0
22.983777818386056,76.69798986801622,699.7214653943398,0.7741805781124217,30.93296440375577,0.3208969823534669,653.8519438753847,deccan_trap,0.24276779842250956
22.018879912718614,80.29254112040299,204.06899210450558,0.48467067512651196,27.608010979408192,0.3205225186566403,1089.0961149071243,archean,0.3246731996629064
20.778284815388588,80.85848375806745,706.610556743218,0.776075512807254,39.53600657021319,0.23245361667894865,1330.0567846246577,gondwana,0.4849668330506549
15.75725968495544,75.5700589050467,119.66953316704121,0.4027485148310924,22.214411866526312,0.3916048381477248,1254.69870882731,archean,0.3153146476564079
16.454658426851523,78.70264706013313,117.6988412231978,0.3182712931596817,28.450968566238892,0.0939425751669287,790.794601905339,gondwana,0.1331825037233064
23.086987696743712,76.47856144632871,358.888175319633,0.45429930398817087,20.840493503428107,0.05593168271135335,1788.2251567522321,deccan_trap,0.2237852254800599
20.45786153693631,75.69712467520044,490.9145523237326,0.40765818204303716,34.798082415338605,0.3195553741149836,1515.411174495256,deccan_trap,0.15829158541119392
15.082773464549668,85.8895625562894,716.3259342462345,0.17396527898322076,38.361531043983014,0.3325044380777089,1756.8625622777054,laterite,0.07726852586800761
15.913243885794289,78.54589229472195,646.6363012852041,0.5485784202831444,25.600746591009788,0.09207253019220168,1788.1464190242084,gondwana,0.18128960767383917
20.971515921972504,83.90861890440098,456.7221651013987,0.2512267277567197,37.16683353598242,0.14295399153551214,1622.5337804986095,archean,0.06463978571610157
15.045554254615968,77.8010472024014,318.9013330253327,0.5337115684284808,25.844364609237957,0.05614332717832012,1158.815901874576,deccan_trap,0.1879050635644687
16.44727246275749,82.49652994446322,897.6996001261689,0.5551407646787074,38.2154032328783,0.15265801377319765,1415.8201325231369,archean,0.3399663864424133
19.938604104299273,83.36250645878656,440.9450417887784,0.2064173971900537,35.07923807193568,0.32059965587153505,740.5481091796147,laterite,0.13689703086198382
21.22705677923424,81.55202614668629,461.1096194637404,0.14294473897746773,36.09813553682877,0.23128618469940265,1510.4681262123615,gondwana,0.09202915982513866
20.867651335523405,80.18733807405174,230.89905695333533,0.6465331102479079,20.36013111200909,0.17183345760890084,768.8798836089211,gondwana,0.2451369050043108
17.01842378514504,79.53025005561996,735.8476389999435,0.4218602966385242,39.256207141480516,0.1801087532172156,1540.9243857652352,deccan_trap,0.23541468931192872
21.409612992127823,78.83755093197294,654.9457806251909,0.14071465685383305,34.53341984140646,0.05047376900041386,844.397241130953,gondwana,0.0009626860458478159
17.1352417874712,85.22482058672608,276.61569023100833,0.796406422018837,26.095021907722668,0.1549301846478326,676.3269502253299,deccan_trap,0.3961378203797961
17.928597283433408,84.13681348566502,165.90483649267415,0.14044639269745665,36.58789329717694,0.2762605595732757,747.9267352144361,laterite,0.03362725152217226
21.718422646062216,85.61529601733164,644.3994416597704,0.5865246602009873,25.6304239682986,0.390968055335725,502.9882028286054,gondwana,0.2585118506257246
20.84669609142493,76.36726945834099,623.6089714249082,0.7885752476843896,37.455076791322554,0.34647128944436484,1578.1094267802953,deccan_trap,0.2327344127689382
22.6430106944476,83.03954222724009,318.60762159856745,0.26742607295114795,22.25160780823874,0.0582582376259352,1598.6015735875687,archean,0.16268408119220176
20.91851603070309,85.32174502503142,860.6908498003282,0.19957455808103736,34.073719549215916,0.3644962116361938,1272.4000248698892,deccan_trap,0.19430444107427264
20.114777430019245,76.99356372782226,220.8463134247202,0.18496945759570024,30.813969532898206,0.3241194446545191,742.0442015830755,gondwana,0.19264997457924854
15.843072910452833,75.73145894103455,445.8678408340815,0.3122926032973169,21.930689403908815,0.32313164324984317,625.3315062660346,laterite,0.2655039746061539
18.309442227534902,83.15232714219064,854.8927361340791,0.1707320677074527,24.837876565176778,0.21029851565125002,528.6934496559305,gondwana,0.17609408232282098
17.386821309135527,81.31920424497903,435.7818535408978,0.5845129391858924,20.248080725546295,0.189301852534076,748.6222654478311,gondwana,0.20944177464533503
17.19590679041175,84.26011654434099,610.8207581312685,0.1436042586910439,29.37535930929012,0.1560205050916174,1836.2833024747201,deccan_trap,0.04658061603937472
23.75709499277201,76.53749614288918,418.07551837023544,0.45659548970485286,26.025305215200007,0.07299320063402803,862.3052625525227,archean,0.21752158561594692
18.537879522000843,83.7479404304588,319.372161878936,0.7976877976970838,31.967149685955178,0.1298823772227947,1031.4069908258234,gondwana,0.4835093491242362
23.02841899659402,77.21790052052519,887.1821183678626,0.6697791886542132,25.944756154172346,0.13631127224230863,658.0182267219998,archean,0.27579971097181116
20.680247633975366,76.80021537152275,427.4672050520344,0.5306536067617077,25.998382230139693,0.21942697439857056,833.5419571222554,deccan_trap,0.305699955295669
22.153301731874834,76.80692377724093,815.2793629433075,0.3143775345506282,34.86386397463207,0.3116055423088429,1278.8368561703078,archean,0.31834787765983713
19.52373383794673,83.9603219225452,283.96368471286894,0.5367270854041469,20.962856719567068,0.21583343993928134,1411.6290246434787,deccan_trap,0.3826437942928739
20.192134961637233,82.3171694276582,270.48376322006663,0.46892902473815623,38.05789990383974,0.07024555730650622,868.0284712493166,laterite,0.19182123821555333
19.432659244369773,80.7537196724603,124.90726630760909,0.39825836872326004,37.045277487823626,0.3852264303458714,586.5982388376758,archean,0.34481176329030416
16.7571868901824,78.94713532535853,621.333460300708,0.19149726371813963,33.35609366452813,0.3799535116829393,1086.549303691098,archean,0.38712640357865724
21.50206903735355,84.64920594894419,394.8210749790089,0.7206229506683267,31.864431402147687,0.32481634010194294,851.3050563895013,laterite,0.3013194801228293
17.526951261967703,79.31689618164899,791.4865998717096,0.4148492541749258,37.846049962793046,0.3969647655474772,829.330884844703,archean,0.17283295842212926
15.218843697883084,83.98259383418736,478.56792535324576,0.23623575827453555,23.70660359057429,0.24056881648009204,1939.7942040701828,laterite,0.0
20.809250663164512,79.8304839942724,874.5547423317773,0.35743154561410273,21.579383243816572,0.38696892258862214,1424.4507288885861,gondwana,0.2836864728134098
16.59399611466344,79.14638872367398,248.42041256249692,0.389890826770249,24.790203398190762,0.07646176421586277,1335.3176647581438,deccan_trap,0.012950490484999161
23.46412725917623,80.08947764236567,794.8985343644887,0.6792765268968121,35.891565574003806,0.17798826189147998,1123.662655284983,laterite,0.28972391271283904
23.585357193023285,78.31515661580556,721.2774822333934,0.6135300663929815,20.693405334529665,0.12888344380236805,1143.4165001452166,archean,0.38328542590054626
23.233779511984036,83.22370318193876,716.7374757152415,0.6385134255489379,31.656136701669794,0.11854157944699452,1311.357505757121,laterite,0.3120735711106677
18.331428302299,80.52992429101727,775.8265824935102,0.10772188510005305,39.9087503238262,0.09928103211243663,1544.6447105541608,archean,0.17705244638599865
15.139109548759807,77.55433964661499,708.8191927543991,0.3913077987258331,37.11392187675079,0.26784477454809885,1553.2191442727442,gondwana,0.24609078540921145
23.35486706328953,84.89532030602025,600.9762573051323,0.4369409061447266,30.428913780871788,0.3234626495115568,757.5408615581744,laterite,0.33943189247411776
18.85365733485583,79.22280343510532,204.99590214591007,0.11343459377613968,21.272818185732845,0.25240443979712623,1250.1691281149406,gondwana,0.03942897103106474
23.699893371393024,80.97908147225388,126.02094359300153,0.281869246121524,36.627470287714196,0.10143694835587339,1117.937142551153,deccan_trap,0.06873178220751444
23.672579793803276,84.97119322061002,836.6782782525495,0.6322028761854945,31.97957016354421,0.33389331947671486,1805.7904494040763,archean,0.3144577268002034
22.67708509920624,81.86661795505391,593.3202516165904,0.19597679401029935,22.298659941191335,0.272584147507305,1447.1283818275647,archean,0.26206447730385907
17.65004002862627,76.285878447792,737.229832780941,0.4747170920168142,21.877145696467124,0.18585799714444845,1298.7560996239727,gondwana,0.3255045235927756
18.465879557417328,85.33815335974822,485.21788121004005,0.2506413104120663,38.19253638873185,0.28594560343762204,673.091963268376,deccan_trap,0.16494911005406937
22.660230043651712,81.9047885837856,193.84655116991559,0.10848454225072529,33.38400525876157,0.1409667427349915,1408.456833985117,laterite,0.1821699845249835
17.8522980464065,78.68396176122795,200.14863376204033,0.26884102031967905,36.58573598633511,0.1708172729729737,675.8058585203502,laterite,0.06037486603505854
16.525434720174832,76.53199279929726,648.4522297831771,0.7831116284370377,37.579578005645345,0.3711200450961966,1005.8098633486281,archean,0.5737345848085258
20.011211362125152,83.73427708197326,444.2447159195701,0.6610759783180927,31.435447040966444,0.15167657698499715,714.2629472214978,gondwana,0.4464571387627175
23.425392967447028,81.82080031521365,260.4197813602694,0.7717036510247234,30.348927035100825,0.21449589385527784,1538.1104705365533,gondwana,0.43398080957507684
21.264268170074757,80.86807201173954,493.2756373931495,0.4414978307484537,28.608548206419805,0.36154939808860515,809.3781707542289,laterite,0.38529798480992683
20.130550530804285,84.83281841356053,151.36714966010726,0.17681533907425245,26.338931755822387,0.29770247259363464,1087.789059782039,deccan_trap,0.0
15.874588443936917,83.67456932346984,565.577121531519,0.4835716422815851,28.691919217174235,0.07177112915764597,1843.512166428168,deccan_trap,0.1586499189273865
20.53506504029253,76.66842367706026,315.1947235480782,0.41806413419197264,35.477593114603124,0.10155606549763962,806.4745750984555,laterite,0.14855698337199685
23.910484650938372,78.42894274575103,738.0472805097505,0.6910499579177312,32.03846862030263,0.05274455677017089,1261.7075959381687,laterite,0.369412784744697
16.260756137128716,77.73338053795912,348.289567138859,0.16865780654897122,37.85046579909692,0.2708226265802072,1128.907491749033,gondwana,0.05553412610943756
19.66496687127363,83.18340921829945,464.17611926544095,0.44176879591524476,28.867600287583755,0.2066856988936464,527.1860615685946,deccan_trap,0.2579757002024614
22.8963576473516,75.36885678209357,109.29643192648051,0.205034065285789,32.14179157437508,0.09699619781579644,1689.1371703592192,laterite,0.23135613741563232
21.66691755978784,81.26878653358449,157.9575102356471,0.32727314882304204,32.62615106183978,0.3852769423698697,603.5688594718996,laterite,0.25505318577292374
21.27314166895741,83.3870455431476,413.99484512534787,0.6161499541714598,31.83394324612651,0.23538090338096695,1211.3825314654305,archean,0.3826981538996007
21.322356755883984,84.64442200437924,483.9510677736988,0.4332126905581366,34.05267546171032,0.13466265293951124,1341.0174424084248,laterite,0.13772147424514583
18.2354203609778,78.76289923587498,580.016438495443,0.3631217996020386,24.748669367496127,0.22521124990414765,1442.6396849218806,laterite,0.13002176754120104
17.64232659838044,84.03383035139214,333.3300629674426,0.37613339499902476,30.247275550915813,0.28786711645728774,1532.9474439618134,deccan_trap,0.279209582069072
22.28425039930662,76.21694910650729,655.9855089012341,0.42161273788419074,22.084496056166955,0.07668372629074757,879.9085752840726,gondwana,0.28366138809517766
22.291020552112627,84.3109752090797,788.0979177513636,0.6495115806859398,27.69022655289625,0.1461463352667622,514.9681649876741,deccan_trap,0.27129770425084865
22.803650867220934,76.4023752856518,723.8807911146798,0.7244592822581641,29.75334137242529,0.3324379218093978,1585.165493532368,gondwana,0.33459474142293416
23.21916497300824,79.37016019616404,131.69506027868573,0.7687342805527498,33.04448519090945,0.21088270464093145,1303.484899021368,archean,0.25651735283628296
19.60208158974844,83.77024902357509,484.4055578062632,0.6508323703787066,39.01062105172407,0.24130199971130323,1754.176554810873,laterite,0.2287949546278578
19.513646652184796,76.64909170083651,183.9441427345399,0.32078482702360894,32.01302133096712,0.20148560077331423,1732.0825443510414,archean,0.3913760178579529
22.184656610700976,77.52176534755905,293.63601269002197,0.5816942942605795,34.87187832353119,0.0653649799250518,1764.9892516818247,gondwana,0.18177777001653966
20.849675376999887,82.94477825232373,889.3300746137172,0.4063221868387744,30.125321189904056,0.10801242293705458,1227.64198996931,deccan_trap,0.1884885027269017
21.31770189531933,82.92040190200682,213.9964343212106,0.2782694354322358,32.68208062752663,0.20593957355966186,1000.4425937552985,deccan_trap,0.21249724938447642
22.16213402492491,82.05262396173828,499.11052276108484,0.6886101055981458,21.41864432267547,0.12321491289277475,1687.337303887055,archean,0.27737172008835237
23.010048076358096,82.6334328891381,594.5245874544953,0.1268984442736275,25.08783161683694,0.06749266003088757,1176.9411695438826,gondwana,0.11728548169502642
18.041956411663822,80.96996887682356,661.9719764352832,0.7312333944947965,27.237061864102774,0.3452773824181383,775.1632946051518,archean,0.4920543390405848
18.380246573759496,77.76978964797648,547.7189467895313,0.42303422523731393,29.44986710013027,0.3934173852074406,1782.4610293422115,archean,0.29955537436824964
15.845837458567821,78.80265592854312,107.81667793534693,0.5460410337657964,20.912974910047673,0.3276000058988588,1823.8398151585209,laterite,0.510648658549546
20.204521268965564,76.99757488481568,361.1690465951935,0.561547745544048,22.800481951066352,0.3488247225966335,1199.464634210255,archean,0.2160136297670269
15.323480464170679,84.99295617466991,514.1693147077692,0.7265824184945755,25.536286155826115,0.1346919956109659,613.5495909646812,laterite,0.4188004493496371
19.19038216319214,81.41730974242732,170.29319931586667,0.5456687775170451,39.430653818021014,0.38621944142961995,1081.7391348753968,laterite,0.2730653161580629
19.88380171236819,79.40936558440004,380.5015449673446,0.5297535093320432,26.626940142061017,0.11892399655869994,1705.306489193905,deccan_trap,0.2855474157756213
17.57887126915456,80.08206384008545,126.56248703309325,0.146656428392483,29.64082116224165,0.3830004336266413,1852.661042819343,laterite,0.162267186855597
20.317499345121096,85.42011673572996,162.8627977240166,0.46288561536164285,23.921954254767858,0.39818675288808286,805.2091137463938,laterite,0.19632042566466573
15.274502249451444,76.68686543427688,417.5386209612769,0.20511830057192917,32.215601421515366,0.29910298201111707,600.4604180379073,deccan_trap,0.1302773298266306
15.33613369874293,81.44852815218476,206.17260323444827,0.61620363810504,25.613664310319486,0.39340030612713767,1816.025679699258,archean,0.22718936974286677
22.403405045936925,80.56477546772912,554.0326786092465,0.45855534456887215,24.139851568768535,0.2493389228484863,1084.1074084683128,gondwana,0.301615830158109
18.241715772701365,81.72599658978113,651.5719753098126,0.5761594454458474,30.33145256891958,0.14083962411163164,1312.6414464013449,gondwana,0.3134004178687442
16.143544613866965,75.19921202202924,740.4693592872663,0.129171030421669,20.110115983208416,0.20294855998296735,1952.0987180761383,gondwana,0.16805608165841252
19.70018934049324,84.59336299838567,260.1201953958481,0.15935441123206226,20.153280652984506,0.25774632738257514,599.8470918713343,archean,0.26416586323805447
21.9299419778875,85.25330110731974,233.9860658072558,0.6014263716438776,24.381376182037155,0.07557854670945525,1472.4770111781434,laterite,0.3075379905452735
16.94238924747159,81.2164650194813,183.65427226752018,0.15045903519907136,20.734427250016424,0.26782014261603615,611.1581338623006,gondwana,0.14381278192509425
20.606014282371003,82.66315906264582,609.1441996349093,0.14987970943568102,22.160515082613827,0.3934122428668031,1063.2033926997506,archean,0.11880764112804935
15.768127184943912,85.14749319295025,665.1805811895209,0.10847593266442122,26.777212986775034,0.11653767742430468,1705.7218177901702,laterite,0.028066479716274878
15.465135490517468,82.77962497744738,125.26891586051363,0.7695509788096361,36.051713591596254,0.3274082907009342,1150.2083491334515,deccan_trap,0.43549999020813435
19.782191684113332,76.67792947205687,848.9697969949518,0.6162558516213049,31.440972867386016,0.3677645778228668,1995.7735308544256,gondwana,0.4431856308872869
19.86571609449096,81.33917196183495,141.57702692117795,0.34727598595144493,30.25335451912833,0.38029555748707733,1338.5889274199033,laterite,0.1878911152243214
20.73686911348386,81.67386551021141,533.0370682408563,0.3075749069013587,25.869776464162435,0.38604746154190656,981.7432289539302,gondwana,0.21031492869499607
21.534822003503955,79.66543738432625,667.2484155607332,0.3447922608220947,38.63507438865633,0.2325108735525152,830.1669888571297,gondwana,0.13379884168458814
23.782668715162814,83.10088659187196,796.7752989968685,0.6422574718268274,27.940300824743833,0.39205776779702634,1025.7808014292427,gondwana,0.43492931313182914
19.64670313471076,85.27803716245916,671.2695457059423,0.5629594277492901,21.74185533591543,0.3150585724970536,1058.7999106393263,laterite,0.33992297424476364
17.906608256471213,85.18125364197454,741.3824664558334,0.22963689750722757,32.34133032235603,0.10658500268293666,603.0705165859415,archean,0.3478106541882846
22.156675752918332,79.95923308544545,371.5601540342449,0.22187653473385904,22.27676786953203,0.21691503726378952,1054.3612991401596,laterite,0.07017627144554345
17.43749026135867,76.24561850424831,751.8600909972098,0.16887695479937814,26.90446285603384,0.3014159113802014,1196.3577796088375,gondwana,0.11245174113631404
18.950742786350723,85.83325318858567,164.09187710774012,0.5622119037909368,30.148238774356177,0.1365691105366792,1584.106628358207,laterite,0.2870573463720884
15.706107432080394,84.22787895090528,815.8533248484221,0.6350608635552152,37.48445049370352,0.2742153142421106,1485.094227082412,deccan_trap,0.3331650398643588
15.228156690739118,76.37128949323593,538.073900922989,0.28553249982750284,29.870931606802372,0.2833101676663168,1563.1484828437315,archean,0.21529060569382225
23.663835732101326,85.1292607087911,753.838215969995,0.11466147272163897,34.045175320633284,0.10694491033299808,512.5455228152856,laterite,0.016722192885659362
22.523821084609853,84.5688599826834,461.8546276146401,0.15752016723349915,39.856336779981405,0.2477798593584647,826.501099370804,deccan_trap,0.15829865514313182
21.26376785484328,80.7072186283868,614.8621561572199,0.7775020243915214,22.629782397959634,0.3200694188425127,1492.5264325997846,archean,0.4906985806445064
18.680576499728428,81.50402979319422,521.1221287488906,0.3068113442341942,25.49463051039039,0.22461348258757968,1225.9840522696209,deccan_trap,0.07188395790733768
16.55964888063761,79.38902974257144,685.2716174042655,0.6384562034866935,27.891521511952927,0.0542360908716376,507.9702135025189,archean,0.45924151457028084
16.407933384039776,75.60237802704235,165.30398562447166,0.5372644981979847,28.436563570776627,0.053163464177752265,1706.7419636477334,laterite,0.3438380424326974
17.25218608348136,78.6871696581049,148.28166719245104,0.3673577477570271,28.220421505310917,0.1749602703895043,1659.214359935506,deccan_trap,0.17518284592158473
19.943039982355085,83.83138793457813,297.6825872081172,0.2439810835368886,38.152220051131096,0.3741679239511237,1322.628744490344,gondwana,0.18637705479995073
21.43136330430056,75.05095225305062,227.63574409055067,0.1849704927115845,34.28065288933713,0.1300368728612631,599.6949886644081,deccan_trap,0.13131650606003267
20.94177639045958,78.66849088860259,797.4268532737614,0.5305090776272067,32.158104281814076,0.27202729110509055,1649.7725742988769,archean,0.26047011454089103
17.519405072513486,79.37985562950038,275.37118988643545,0.6422436464464516,26.187454357255643,0.1277265547426622,1375.570381597046,laterite,0.30207263238597337
23.593787525968747,80.91135163231715,880.6922046553051,0.5507329774787916,36.475807684425895,0.16258449638084205,1672.9399657369388,archean,0.15436095706086642
21.641072250261917,85.11841178054037,369.5166334168855,0.4712114932744108,39.101210229699774,0.34681473136051943,1627.6204885937607,deccan_trap,0.2932825220860511
19.989186472602604,78.80980593802558,245.69433255095942,0.1293658564021454,36.42396565100453,0.3051015047944814,1704.5031079367557,deccan_trap,0.0
20.50548671610917,78.81648522085851,731.7588057139833,0.7779421443160687,20.031302103829457,0.08338974705962372,1277.0120996069372,gondwana,0.48478941870670983
18.77640056185011,83.11251372920724,626.9662204007009,0.6590999341582022,32.728027403668136,0.2000457073452518,710.4867772902725,laterite,0.28723493688049
17.229578905510415,79.97439734978788,498.5565731625112,0.3049754256906754,21.022707628842014,0.060209417275842565,1506.7362100695332,laterite,0.14107775344936024
18.203754107861354,77.4706530523398,544.290840750105,0.7859792305511955,25.152144406674438,0.21831155131105318,1430.710677577956,deccan_trap,0.28600413486482307
21.820614994179323,79.97683467745962,675.3614226178111,0.5213171127454255,21.190494006955433,0.28185190409537386,1613.3797807986307,laterite,0.2436689255939415
15.129541397667802,76.5494272241778,282.76379306503895,0.5076958607450726,32.075909058987754,0.09147591825935306,754.821509076103,gondwana,0.3707084437358073
16.044653764562245,76.94025685156845,897.0671328453935,0.6236512256006725,33.731798269852135,0.15110972861820798,792.4627998504338,archean,0.15554677057928346
15.414023778195775,80.48204550013428,879.8345297174264,0.6682388516630963,22.289752761318102,0.18924281892575495,1835.6142758289927,laterite,0.4183770534448691
15.366559220870732,79.60817994455003,620.2605490775495,0.5595350251320519,27.67677766089959,0.37183585862961743,1624.9666976781061,deccan_trap,0.28803947440391914
22.699145256099065,85.0633049117491,259.6339607433161,0.18966702245634004,29.12473017911084,0.3976392553980374,1862.3427330504844,archean,0.10906900269376252
21.332920734420213,78.98633289028297,644.1825939450331,0.3367872541961489,27.38106043521833,0.06571895464846556,1638.072981745881,archean,0.14526180569936709
19.267564461785927,81.38647185305848,157.75872718334068,0.7496585482282349,22.42050000970386,0.31635277322338723,1395.7329589854528,gondwana,0.5106101387902889
15.880507445859013,81.95490716711484,124.52200176464486,0.2572309282906964,28.37895580374951,0.18010342324082013,1481.1991055418105,deccan_trap,0.045262163244942075
19.42454287605149,75.14403902247167,306.14631080897095,0.3605169166862594,35.02356095616836,0.187360365180318,1833.691885910015,laterite,0.10067476234485881
19.26124593702509,82.29891109218381,470.09836539145306,0.4024538180609373,21.42015329066511,0.31399274067145794,1368.2101317679108,deccan_trap,0.2833659646806991
16.558816829190135,76.95839563556727,794.6180043267044,0.4075834927861166,21.60360028163807,0.37144925125089306,1448.5869864925812,archean,0.3172625523424091
18.904664843141756,85.571773492164,681.7352558130464,0.5290577077461679,27.095425836719684,0.382825008075892,734.7150740054009,deccan_trap,0.17487153778314446
18.586542609576362,76.63529000528425,694.1652169599848,0.7601530864212953,38.8345142323785,0.25199290511341227,1210.881830174154,laterite,0.37659052311222885
20.54265088246995,79.56086536099725,440.3946675584603,0.26848489828275346,33.37145293445828,0.174992405755176,1574.5956679371484,laterite,0.07283298519739681
20.715842857808795,75.93884634886508,376.7479940375703,0.18505096341064264,33.5733991334513,0.32564218005057277,906.4140474745482,gondwana,0.23965031524312275
15.4077360879484,85.96561677030542,396.83101038768217,0.23822934290195613,27.2383998167573,0.13785048414180512,803.3812707868024,laterite,0.22398646276481365
18.371513531638243,80.52414511364367,890.1196509888463,0.7208474301464887,31.87321582417077,0.24742591009173126,970.7402123366234,laterite,0.3856420589735241
20.632739241428126,81.54923519052048,132.08735312998598,0.5520675688586443,20.20262368055487,0.17550246153370563,862.2509419892501,deccan_trap,0.26731015859658963
19.52822632722079,75.7378412512727,793.6251968979589,0.3001347524674121,32.72192092819084,0.27982087579775666,822.3689555545938,deccan_trap,0.28893103855613045
22.7084085706949,83.24956517439095,562.9403268579147,0.6711628572780322,38.26573895152474,0.13413961951272743,1137.2762643021304,archean,0.37185401105354365
20.928242684570506,77.30896152405144,450.8923353516724,0.7029589974544053,32.25146936689639,0.11705753100718903,1861.7577708253011,gondwana,0.24333942204881692
16.46640984373287,84.87859718384786,680.2061283321092,0.6925600370831947,37.4739718693269,0.371383680336403,1260.5894701080774,deccan_trap,0.3501202958935027
15.635118726603869,77.25653604530208,489.33515313976227,0.7432485735476881,34.479461109321875,0.08563128903233792,781.8805712229846,laterite,0.5027463222852782
20.78177350385684,77.09756492730033,798.7385904653285,0.27656871412135314,22.411168328073806,0.2270852677072261,615.4575040713111,archean,0.14215525296439568
15.238601794874596,75.40204634632904,820.5614912090068,0.6285293501223949,38.049066145716836,0.12729847403705313,1544.2342177068879,deccan_trap,0.2352245661171444
20.27198023146117,80.19273639621,437.3767414987643,0.42237764809189804,21.3288768871155,0.06362548716398361,1074.1981466545817,gondwana,0.2536292910012738
23.46207217282462,81.21325246588879,321.46223778804125,0.6893989870230431,30.679349450955275,0.06260658640199925,1732.746419878039,gondwana,0.322707865528958
20.17926760088291,75.72279503371188,573.8802628746898,0.6099434740131293,22.84274247586915,0.11132762023703957,1489.2661529611553,archean,0.2665258651987705
18.493529335858696,83.53080378364511,829.8906764933528,0.6435132125498073,20.234132214618082,0.3533696240771001,1694.3621758120528,archean,0.47249087592607064
20.78959396598118,79.9861771822283,268.5297512045332,0.5593132863767502,28.44068520255278,0.14886756039195934,907.9190591276731,archean,0.5142153283512767
19.12427601442365,80.76829296260338,598.3732668507862,0.22420013862879484,25.900814153083125,0.3826607097013535,1538.5383836915871,archean,0.23363664314356586
19.910551103843414,79.84839021632051,605.2481760740164,0.4815188432278569,29.72000987595206,0.25356780254621775,896.0929770405781,archean,0.2356388543668845
23.473183278988728,79.40839366962858,686.4904179322248,0.7892688176671557,31.54399773469102,0.20281496641906815,1908.6027191754374,laterite,0.24207218170449118
18.474923740206968,81.1560436443904,205.25414810180786,0.7561716465479833,20.874781446178947,0.25303109213430913,1454.5614223000616,laterite,0.37840984633031877
23.650715074415228,76.70764270523783,672.6599717456709,0.1302216150579082,22.460065902474913,0.23084443482919376,986.7677002630131,deccan_trap,0.16348327697138326
23.148155777604572,77.00120943544798,827.2260165325127,0.21537037101060602,31.172847929008505,0.3155716888150638,904.267793438409,gondwana,0.20071873700537934
16.762120213103668,84.47964183114868,243.74648709619356,0.19221014141819337,26.863347063453165,0.14887362309049829,786.3898776074652,laterite,0.12157911160281888
15.624251707876489,85.40727008346997,290.0346599391021,0.6081859369897069,34.58346975098896,0.17356763706010586,1541.9614383405917,laterite,0.24348940635874888
15.90700201239684,79.10640247907727,877.1160752333117,0.6724497308998616,33.04583297183879,0.3629330058866378,828.0734194968909,laterite,0.24790010233116117
15.163996430863948,77.97819140457909,244.7815621675918,0.24945795641747037,36.912087259798135,0.38125977960264196,1392.9548988912336,deccan_trap,0.20468926663324294
15.849986646803355,82.08399497562917,783.5080746956633,0.4540968850662803,33.849856533384504,0.3623953796202661,896.952540388036,archean,0.3809800216993856
21.14706096074721,79.49607588207905,493.8222851584278,0.6884921196078401,28.598621547802964,0.19680679788505978,1492.9534171908028,deccan_trap,0.17141914469638336
15.640697836142062,75.2792499122638,297.78485952254164,0.6129610813363754,33.45933244788865,0.3231279260524086,1722.4095928108088,gondwana,0.44968434339424573
17.870780672643853,76.71767857102809,796.5999210180091,0.4795660438442938,25.50762348510837,0.21671750665538458,1667.0378647169798,gondwana,0.3044238658747761
22.60387779872509,82.87569451732138,456.2442040021324,0.5132433833211411,26.126269975564256,0.22413894825113578,1641.2769963961725,gondwana,0.3846788197652335
15.209447421622432,82.24816336101166,511.85388314375217,0.45585238284139606,35.779703198415866,0.1216380381700494,781.583608538378,gondwana,0.13213453707475417
22.33021634330042,75.29805591753832,387.3866955198126,0.3082839159231744,28.928390328031643,0.2568956061404808,632.5774204767781,laterite,0.06973719455008275
17.5366929729606,77.44169378126244,574.3606811479419,0.49551539500131137,35.96760681036705,0.11514756421367178,1548.4232427310783,laterite,0.22780336964050796
16.063483448594905,77.54182276246878,230.8190980680182,0.5822197114350636,36.44844747336557,0.16604764467351785,1052.520820691527,deccan_trap,0.28971540319299277
21.270634488277356,82.39082017958602,412.86522932140855,0.7113260411025654,37.15124675322568,0.34926057056697735,1148.5193396050208,archean,0.553165339331881
20.660485621018957,75.216815915298,875.52985786823,0.5454039477854737,38.332704716824146,0.12247653322379934,546.7236391900866,gondwana,0.33189554554177997
22.897248121743477,76.14519440183031,306.506746160902,0.6327850759302106,28.619704410265925,0.07490539981070149,889.3646739125738,deccan_trap,0.24119006820819172
21.61563939423497,83.79907693910508,625.3893316330337,0.2120501444682011,26.377336366422774,0.0741526574144857,550.514605811696,laterite,0.04012578691545765
22.231328373463636,76.96399128259768,360.1520513797559,0.423090232093853,31.643974931882276,0.3792745821760878,1818.7786589018715,laterite,0.335563596872682
17.53831115314176,82.18020718637062,718.7785005492805,0.10653213387896532,27.423448468752554,0.22742215328664211,865.0950248277957,archean,0.07817863482019317
16.596955894017505,77.62001059151399,204.69892857467985,0.2726752051651361,32.02148333600466,0.19329422513595645,1336.0057543595121,archean,0.34867698896143584
21.755532764767725,76.0938553203528,875.8568360628358,0.6085232005791034,34.11171725287649,0.3338075033527715,558.4689809916956,archean,0.34403925859839773
22.261512653405376,77.674894100994,463.0316331069114,0.7942669659445545,33.76810036984274,0.3425390747686806,1500.271086958487,deccan_trap,0.4792072596641179
23.91454627800606,82.94493625041225,288.84037067717117,0.16942466971105113,27.491057740402425,0.1662668615904616,984.5410186311408,laterite,0.1687110572482089
18.71355909220284,84.41266114916914,158.79739786401012,0.38104602110290176,23.337204033975055,0.29276632011582837,1846.8787804364988,laterite,0.2007354012973469
18.348162772135048,84.1324185102369,235.8063240700326,0.6600496780894117,28.61058676924415,0.3198929855481603,1832.1772834010537,archean,0.3444574600444906
21.98771664667797,79.36901882580301,515.8191588448142,0.2428249442402292,22.851882881638176,0.2791277404030841,987.9359275426216,gondwana,0.1427701215487137
18.06723186227716,82.34893650227711,369.602541145029,0.48855946451160037,37.801940703676166,0.1030582761800348,1851.441343535702,archean,0.3299949488126626
23.37681593043208,77.25482724957403,763.1066927060875,0.6131499072207723,26.91754921475715,0.35655907923096997,1994.2365102481683,deccan_trap,0.2870883905088233
22.725714766587107,78.22462503287115,444.71001892944474,0.5311898151821254,23.089194944466477,0.23868309345760308,1738.123496185922,archean,0.278839322773114
18.860946246375164,84.85969400373232,298.97141807010394,0.23161731423079132,20.508955198115018,0.1488653492295013,1767.3070216328435,archean,0.1842829477898561
21.757839610123476,75.1430211586181,593.715989283224,0.3487691980800176,32.91644772572968,0.19882986490319288,873.5131041636348,deccan_trap,0.16567682809985834
21.790885866762142,75.94059383939914,665.4217735083566,0.6486542491397781,32.738046349094866,0.06314988163961759,1365.0535982866345,archean,0.185477960266688
15.928114819523394,77.2867488066063,233.6335263207599,0.48795855989241166,26.812083331625836,0.09475338042784615,600.8838709510518,laterite,0.27131221118284515
23.1229761601161,75.29185424261202,234.09537303065412,0.10366072948003892,21.43423777695302,0.3179413626805513,642.3769052325046,gondwana,0.03988073008272615
19.547271352030712,76.99578978598777,129.33714154683437,0.6326935320196657,28.19257789790464,0.050004072164378154,1998.338918049936,archean,0.2558112277678445
22.438117194969674,81.41345717066662,689.1216120525124,0.12471794845816736,26.22434990126787,0.1957980399688023,989.9588741388663,deccan_trap,0.0
17.880446409275507,79.63567005651748,631.0436220974441,0.6220136479118625,33.542412794700184,0.232878563379956,1622.2758680732695,gondwana,0.17358191567330944
23.059709056465806,84.81938882184673,479.7047005998511,0.2417363921156662,32.11558498905381,0.0691220470003403,1709.9975795402247,deccan_trap,0.0
18.502815108607468,83.99187917912285,775.3363591753578,0.7706514360835662,27.2918745639508,0.39057735704031654,1787.0349065108437,gondwana,0.3355966335270189
15.097538863322685,78.75999086867664,744.5361223600426,0.3575585259114592,24.357851085099803,0.1291438659373852,1996.4424461032347,gondwana,0.3571985279604477
23.148437787773375,77.85365776774422,568.2834915174017,0.32885213143665537,39.760719323111836,0.15646955187269831,862.2447278853017,archean,0.19511743369031567
15.821580091075202,79.17661648983993,794.6170244106069,0.2042216352327113,29.080032423922297,0.15637987928925956,560.5262402895496,laterite,0.141546650523453
17.873822738313734,81.49324436766288,264.6729680294146,0.3139229508431505,33.76548471560474,0.13064583174107247,1116.787276991879,archean,0.26067227443187374
23.550557703457244,77.94870004905164,189.5356955181823,0.7136555332797404,22.811059351567216,0.050515837730209,695.1210047434204,deccan_trap,0.300999011982185
23.555464322438006,81.86563798634047,315.7996892135917,0.7974340363390732,29.711793993187957,0.30527067793079876,533.6388337430827,deccan_trap,0.3433052054706297
20.160940993109577,79.50352817410365,145.66948487145189,0.3578166713547939,20.55073439738931,0.3883959249297499,1040.6402407122291,gondwana,0.131342759946953
20.68653490952819,81.07251898937179,524.9356224008257,0.41402744166817984,30.109102358209,0.1285027191497658,1675.6073766128548,gondwana,0.3395354524445855
19.03600969780488,79.79739182048849,849.2845538359692,0.605449656741916,39.28034814235404,0.28206651713119785,1349.2710368376063,laterite,0.444962245900917
17.638896945282582,78.2391233549611,131.47483253480772,0.7203370463255522,27.684134259716004,0.3096637144355503,969.166983815531,archean,0.27448849444396106
17.957980908329244,85.43298637658373,197.68793120802144,0.515131033930749,20.779920251498233,0.34694888268168367,1481.5130082390797,deccan_trap,0.15882501456955764
21.052666104693344,83.39966373575737,461.7592226267482,0.37406798872448055,20.61911581838687,0.1979202189547632,848.0272704632162,gondwana,0.19203438999510808
21.77137076493912,76.54124493343097,847.1000140223239,0.3888352885940366,27.759735198937392,0.15602581697415024,521.5721691081276,laterite,0.12397367354221435
22.124211393532637,84.55314773487704,352.9248839814004,0.5869327025477649,23.20049872926388,0.16385329690806089,1646.530079654641,deccan_trap,0.2916356549863813
22.106563285150983,80.36174318074465,505.78784695071397,0.10225278452299508,20.467041926563716,0.29941746658447954,1435.6146272960136,gondwana,0.05758108427511694
15.820854927438214,84.84007449583501,133.25828724031368,0.5337125362218885,35.124272279003534,0.3358728132769726,1643.4539367514399,deccan_trap,0.4202767812409809
19.449782742323233,83.79840781542046,218.67456076967107,0.34884510730895024,29.170460177637814,0.11356488871481094,558.4070250314984,laterite,0.2761384193425489
15.518028840149798,79.67734854916156,889.3040983670775,0.655938131893959,25.78489543945309,0.17982935285521784,1755.6794417459782,laterite,0.3273641104936826
19.945759940913618,75.24716239152129,872.0949571488364,0.1650934478761925,38.00166366032961,0.3656790688622025,1429.289300054455,deccan_trap,0.18476418710227585
18.973774512360393,77.9554509532344,103.95198474752769,0.5117415868638734,22.322779204010512,0.33234273189315877,1345.0930260689602,archean,0.41640294188344995
22.989337644824698,80.95797636126953,861.4494283385911,0.43668102292028665,39.11837657910638,0.3947004409668666,1436.9210721717973,deccan_trap,0.16902665422014188
18.158235112968708,81.96826041808762,611.2959502524003,0.5496278681336593,26.279334347547056,0.3139868908887283,1796.649870302546,gondwana,0.23095245677897935
16.053603147848452,77.83676453976523,794.3346356160177,0.14539751613807786,37.768073446173624,0.18761832035977283,1380.4047598383606,archean,0.17317228352878022
16.286925138475524,76.53291681480107,463.7918845070873,0.5059886511996919,32.05885752958923,0.25672324189812323,1371.425569832269,gondwana,0.3419986746295246
21.85359568545725,84.18423260479229,512.4768228634002,0.49303921157166664,36.53414719482975,0.28135498898656214,1986.0187355986486,deccan_trap,0.2364760154195963
20.56396256984635,85.82842398773907,491.07726420553615,0.4924620660913197,39.68026326420929,0.07745953571099339,1635.095250602852,archean,0.16857106143234749
15.910104085105113,80.78259200532955,633.4914060368835,0.5224413666175184,25.768108756374914,0.24057393568635282,1163.440708176703,gondwana,0.21380798469957527
15.756961255034977,76.88847214433135,211.72100380505032,0.5735275560584536,39.22270970815186,0.2982622899654134,1561.0955000493916,deccan_trap,0.2533194223323726
21.30872218313208,77.99538059171306,123.97887189814236,0.6634922997765389,27.789637898048408,0.10856245640037114,1083.8457075376828,deccan_trap,0.2701999172045863
15.654867057277741,75.20229744202213,346.3439532729527,0.2888745040897501,27.710238094738447,0.32322110109894503,843.3131937252485,archean,0.39567528588897916
22.396740533613205,85.05728687216549,663.7446101893173,0.6775345871260434,26.807742085090112,0.2543204731799391,1395.277815331639,deccan_trap,0.18556684677649143
21.356180044408465,76.29526191179156,261.4827616983587,0.44877897758441754,30.8281521469517,0.38327762499415813,1892.2731471709271,laterite,0.2882864928800528
15.732139025777098,81.34168123065679,638.7459466599339,0.15394079539403183,23.08290086356974,0.0648478043724121,1893.7092800231942,gondwana,0.2321901472611171
15.763539426766727,78.01460742755927,875.9296368858163,0.14098565047078546,31.074229707160224,0.14286414814441345,1012.8579171582355,gondwana,0.2973966546365792
23.879756206510578,81.09595802767373,175.1205726315347,0.33396682308724257,30.83409624820008,0.26054385775493843,1291.5161993325423,deccan_trap,0.12728932115567398
18.368437161805083,82.16562427187051,638.081694580101,0.6494278839780273,35.2380362520974,0.15379596927207576,817.4538478547918,deccan_trap,0.3144651067360345
18.33577932360202,84.12715984077921,455.00017544365693,0.5953766543186411,36.672999238751714,0.3000484574249348,1993.446664248325,laterite,0.34373633604584164
22.315196105317522,77.27063398936663,794.5138035020043,0.6520304752706846,28.80882700624848,0.3156518488826759,1971.6768618019037,archean,0.3980159135208047
23.52523719645473,75.12095411524328,241.71983155790872,0.46208833950912664,26.046664987029875,0.08588058742326607,1474.263394561171,deccan_trap,0.18551577844683279
23.87400957440584,76.50574193075688,654.1007617809316,0.40813929856884346,25.186697946341887,0.22984906247236875,1706.62108951621,deccan_trap,0.22111865683477794
21.780403667330475,84.90020506032916,770.4922317184881,0.20321676869439878,23.89247673409744,0.22811169445686957,1572.65024192555,deccan_trap,0.0
18.38633626977824,84.61279085318768,855.6913755792186,0.3297349275265181,21.152951643980497,0.17924826957543938,1389.7373285592023,deccan_trap,0.2043843571731617
15.75150645028802,81.5715441238734,646.5984226317166,0.4038135563217127,26.848959576694266,0.3765237018993853,580.0219954833466,gondwana,0.25427202501158097
21.994322243346932,81.60568546477019,497.7398112067418,0.16202030077573207,25.404953842615665,0.33962721195562745,1182.1465138289916,deccan_trap,0.08097284976359434
20.025638247622247,82.3154034200088,594.2777921609711,0.25442836689784787,39.32834771732814,0.2940232836683729,1512.1794532511158,gondwana,0.3399226507835411
18.817998083222786,76.92908406485795,795.1239875829746,0.5187577058446172,31.154176525000878,0.30001432250724913,1516.2974208255268,deccan_trap,0.1835097930853276
23.157189465852625,85.05853140517456,556.4877973110638,0.6149641799674329,26.945540780610152,0.2116006503345917,1059.6839276335754,archean,0.3248996578952299
16.000777340755363,79.6064757738128,124.30964775746949,0.7988432579750648,31.60935201987392,0.37234808238380157,1912.537979987046,laterite,0.5460963756047849
19.43362593861773,79.21452381074447,844.7589564055822,0.7531793319404904,22.78393402691391,0.2931083995386499,751.0355483551715,archean,0.3540176683420726
15.102182802906771,80.70809475811122,651.6214008252489,0.5497956396746341,28.88087498404406,0.30514337157953575,1250.539169323341,deccan_trap,0.2064233703928841
19.217945777947136,75.51662563452561,641.2107086217973,0.39487363730585046,32.524686428421276,0.35159181632557085,1536.3259648262342,deccan_trap,0.1813466026804293
15.506729481136537,76.82911705631687,272.5401219181737,0.545324155295763,29.77795663584903,0.14592505626976687,1545.7037088377137,deccan_trap,0.2999809263156458
16.069361246412647,83.11836978069007,627.1083761861257,0.6499561326561624,28.035576013086484,0.3324748163533461,1472.9584351532235,archean,0.39985413528606467
16.057736220993945,75.91078534717639,415.09152452332677,0.18283533364637114,39.87696777799397,0.11833421103477222,912.9323201777902,deccan_trap,0.0
20.84289271904457,81.63467320413027,620.9863816331937,0.38693342278740184,37.60629524297854,0.17086968328571076,734.3098530299329,archean,0.21928685239335666
21.71440391338881,77.69884020649454,185.27442424639258,0.6878615999449321,32.4681191631888,0.16746365899444496,1453.9104902400663,gondwana,0.2883026512204404
20.250318885874435,79.28225175446174,626.2762436824288,0.36868306635313086,31.387547223645655,0.3924839139361992,1398.9531742091567,laterite,0.2105439343170286
23.659552936270877,78.1756311044777,899.5309806165333,0.5003105898590307,32.41320959649168,0.3497880283117744,769.0340154338614,laterite,0.2991705314651761
18.373835215713335,78.91239988111444,138.56963108844482,0.5114385526035388,24.026242156448667,0.29540945155659093,1557.7087183558451,archean,0.3575728266681124
17.571408776536746,82.9095049570267,881.7393473770538,0.22913337719354757,27.902754865286372,0.30446986656538655,1182.7579876004847,gondwana,0.02501939721008553
22.817392153705143,78.26833887185492,425.5263685782965,0.35356480915660193,20.789190657817986,0.2467254780408999,1501.6408874047293,archean,0.34121375047159924
17.012362546675075,81.23045104326587,796.6027602698073,0.33415790211935253,29.510920749736535,0.3814817334879817,1756.050619655226,gondwana,0.2370168418762691
23.669002854965502,80.2365544241901,725.9083872466188,0.11833769597244537,30.860491679153263,0.22369056350882655,754.5926428653847,deccan_trap,0.1804666985473733
15.109390272208348,82.30038281898914,553.6130087893342,0.11693423472394868,24.554994722064194,0.18318119845446312,528.7173019952551,gondwana,0.14562767991827955
23.728909440368753,85.30512713257234,690.7593674010612,0.6821879305730415,39.28057694331028,0.10706236792605686,1668.6538795936801,gondwana,0.4166872456406832
15.388439207555185,83.05829306931275,802.8124490410784,0.2911495669809687,38.18909221874484,0.3251719782913703,1414.546137728924,gondwana,0.23130064953753468
23.02028802328264,77.36434416449832,423.3122573208264,0.4626551363671708,34.44286470911812,0.307055376226457,1549.4593544331826,laterite,0.35346565266573393
19.749309981776697,75.34301448567413,361.626529250591,0.3091079015121412,30.66773257530725,0.18452426348344725,1757.232462482964,gondwana,0.22887563783462347
23.936683165073703,77.88490448729807,634.0747084508678,0.7584754715807384,37.3993831929537,0.05881769488573028,1704.2164022367508,deccan_trap,0.3014387384054361
15.66416908261859,81.5458572377028,746.2767535530069,0.28150773120604167,22.61304687646926,0.3436490647013038,1941.380220393237,deccan_trap,0.3287627765882976
19.984688559611886,75.56568394832675,709.8281078212926,0.4007597689172546,35.8101958854977,0.05399629420892577,1303.9026182781772,deccan_trap,0.2368265067701858
23.72372282057189,80.4600287192136,738.2509190869076,0.7109111753392213,22.496416279336966,0.29629492287016784,1232.743448989858,gondwana,0.40489351610305835
19.70788059753134,81.56527133808578,448.4666518503464,0.689353496754266,35.88421325098811,0.38958998840412,1102.8307998360951,archean,0.3025960442190515
20.66458774321736,78.67668279898658,754.2673729400173,0.23027099249239413,25.51535136502714,0.20318146485187122,730.5365642663069,archean,0.09936193408506176
21.261738200861554,83.48003424120404,196.16724429648676,0.6618503168569974,37.541811620363774,0.1322406917485835,1358.9108493230337,deccan_trap,0.30138143448900556
19.09086958290996,76.17258078447149,535.5912783686797,0.4207308207165249,38.88084187650796,0.2967048535151836,915.5187864889681,laterite,0.2396045094595876
20.648022720756572,75.8265155990939,104.60692839849726,0.4380782104597487,22.975919388102312,0.3359948497054548,1881.9612683194632,archean,0.24970096395377972
20.2588288073079,83.01007631823964,359.66866392021626,0.19343598069116066,29.25351210130787,0.24125061062724656,1374.7862064156463,gondwana,0.15777806930815372
23.1104220944189,80.45040447826818,393.1692278971183,0.15642105962998726,39.6197475632537,0.3884623463396512,1389.2602707621652,archean,0.31850481272944764
15.40901742307312,82.5724263607051,416.9381532874043,0.6095575148816357,29.668148719462934,0.0680840525802864,1032.386991315515,deccan_trap,0.3062636091747068
17.528668706330073,79.7831007246412,656.3737653518897,0.4475228066487099,37.270950450290904,0.22667845940658488,577.9840279665613,laterite,0.14039628781992342
23.553703356689027,77.71042236563018,410.8464810162766,0.4057954918306257,31.774630442626396,0.3014588815628925,547.615648059483,archean,0.2735433787171041
23.01237405501825,84.0101254944162,458.9548980980245,0.6106557600566778,27.506598158392038,0.3519241649022127,1135.0027162297963,archean,0.30505740204468745
19.100910775071416,83.79357466865878,290.03530469946196,0.6358590292937768,25.715671110517405,0.11273946416772652,626.8480671458568,deccan_trap,0.2346015648215985
20.581193380213833,82.6416611793987,398.60143330347205,0.21123571736854752,24.064461821721746,0.3300012186172885,1410.2704333102088,laterite,0.11440515555877644
17.496430646830195,77.9935965095296,281.8157018105212,0.5271576046343489,35.235963827553945,0.24344747650149084,1821.4595084594862,laterite,0.22699614289556827
16.693090437513852,81.49253733555996,158.5567390147549,0.1947478575943799,27.73081013646056,0.18879378869648716,1824.3722247780834,deccan_trap,0.0
19.17328564445984,78.97071286634029,582.7588747051022,0.625962560220332,30.225509244015022,0.09610026000268276,1488.5681151983486,gondwana,0.2947826755669459
18.180170052234477,76.00740280659298,634.570238844013,0.5598686093869977,29.846509600023637,0.35285351561811934,816.8477472093965,archean,0.30438418436882625
20.252905006657848,85.09044933008467,595.5922768076916,0.7696302347584206,31.545580584662623,0.10504562286290038,1794.4952470383082,gondwana,0.12900076098947685
15.699611732684863,76.50500494010858,470.7952350404579,0.14827061144949483,37.31154291249105,0.15842575072318477,1829.1401529698123,archean,0.3293885816122495
23.769553268995498,85.45261089202883,403.8286241433839,0.13993830480587804,39.614786871668585,0.1515159361868529,794.980377429438,archean,0.24822848787837026
23.875896700316424,79.9060635025375,790.6669196574602,0.2975309522852401,28.15168417147634,0.354994911966799,1606.1391286560158,gondwana,0.16940781411677625
